,OldFusionNetwork_1,ZedFusionNetwork_2
0,0.9134035706520081,0.9016410708427429
1,0.8957223296165466,0.9439111351966858
2,0.768730878829956,0.7843649387359619
3,0.7094818353652954,0.7506078481674194
4,0.9054275751113892,0.9174273610115051
