,OldFusionNetwork_1,ZedFusionNetwork_2
0,0.8469306826591492,0.8302791118621826
1,0.8472455739974976,0.8988330960273743
2,0.6942551732063293,0.7113999128341675
3,0.6416178941726685,0.6803140640258789
4,0.8488814830780029,0.8674336075782776
